id,identifier,category_id,cost,fling_power,fling_effect_id
1,master-ball,34,0,,
2,ultra-ball,34,800,,
3,great-ball,34,600,,
4,poke-ball,34,200,,
5,safari-ball,34,0,,
6,net-ball,33,1000,,
7,dive-ball,33,1000,,
8,nest-ball,33,1000,,
9,repeat-ball,33,1000,,
10,timer-ball,33,1000,,
11,luxury-ball,33,3000,,
12,premier-ball,33,20,,
13,dusk-ball,33,1000,,
14,heal-ball,33,300,,
15,quick-ball,33,1000,,
16,cherish-ball,33,0,,
17,potion,27,200,30,
18,antidote,30,200,30,
19,burn-heal,30,200,30,
20,ice-heal,30,200,30,
21,awakening,30,200,30,
22,paralyze-heal,30,200,30,
23,full-restore,27,3000,30,
24,max-potion,27,2500,30,
25,hyper-potion,27,1500,30,
26,super-potion,27,700,30,
27,full-heal,30,400,30,
28,revive,29,2000,30,
29,max-revive,29,4000,30,
30,fresh-water,27,200,30,
31,soda-pop,27,300,30,
32,lemonade,27,400,30,
33,moomoo-milk,27,600,30,
34,energy-powder,27,500,30,
35,energy-root,27,1200,30,
36,heal-powder,30,300,30,
37,revival-herb,29,2800,30,
38,ether,28,1200,30,
39,max-ether,28,2000,30,
40,elixir,28,3000,30,
41,max-elixir,28,4500,30,
42,lava-cookie,30,350,30,
43,berry-juice,27,200,30,
44,sacred-ash,29,50000,30,
45,hp-up,26,10000,30,
46,protein,26,10000,30,
47,iron,26,10000,30,
48,carbos,26,10000,30,
49,calcium,26,10000,30,
50,rare-candy,26,10000,30,
51,pp-up,26,10000,30,
52,zinc,26,10000,30,
53,pp-max,26,10000,30,
54,old-gateau,30,350,30,
55,guard-spec,1,1500,30,
56,dire-hit,1,1000,30,
57,x-attack,1,1000,30,
58,x-defense,1,2000,30,
59,x-speed,1,1000,30,
60,x-accuracy,1,1000,30,
61,x-sp-atk,1,1000,30,
62,x-sp-def,1,2000,30,
63,poke-doll,11,300,30,
64,fluffy-tail,11,100,30,
65,blue-flute,38,20,30,
66,yellow-flute,38,20,30,
67,red-flute,38,20,30,
68,black-flute,11,20,30,
69,white-flute,11,20,30,
70,shoal-salt,9,20,30,
71,shoal-shell,9,20,30,
72,red-shard,9,1000,30,
73,blue-shard,9,1000,30,
74,yellow-shard,9,1000,30,
75,green-shard,9,1000,30,
76,super-repel,11,700,30,
77,max-repel,11,900,30,
78,escape-rope,11,300,30,
79,repel,11,400,30,
80,sun-stone,10,3000,30,
81,moon-stone,10,3000,30,
82,fire-stone,10,3000,30,
83,thunder-stone,10,3000,30,
84,water-stone,10,3000,30,
85,leaf-stone,10,3000,30,
86,tiny-mushroom,24,500,30,
87,big-mushroom,24,5000,30,
88,pearl,24,2000,30,
89,big-pearl,24,8000,30,
90,stardust,24,3000,30,
91,star-piece,24,12000,30,
92,nugget,24,10000,30,
93,heart-scale,9,100,30,
94,honey,35,900,30,
95,growth-mulch,32,200,30,
96,damp-mulch,32,200,30,
97,stable-mulch,32,200,30,
98,gooey-mulch,32,200,30,
99,root-fossil,35,7000,100,
100,claw-fossil,35,7000,100,
101,helix-fossil,35,7000,100,
102,dome-fossil,35,7000,100,
103,old-amber,35,10000,100,
104,armor-fossil,35,7000,100,
105,skull-fossil,35,7000,100,
106,rare-bone,24,5000,100,
107,shiny-stone,10,3000,80,
108,dusk-stone,10,3000,80,
109,dawn-stone,10,3000,80,
110,oval-stone,10,2000,80,
111,odd-keystone,35,2100,80,
112,adamant-orb,18,0,60,
113,lustrous-orb,18,0,60,
114,grass-mail,25,50,,
115,flame-mail,25,50,,
116,bubble-mail,25,50,,
117,bloom-mail,25,50,,
118,tunnel-mail,25,50,,
119,steel-mail,25,50,,
120,heart-mail,25,50,,
121,snow-mail,25,50,,
122,space-mail,25,50,,
123,air-mail,25,50,,
124,mosaic-mail,25,50,,
125,brick-mail,25,50,,
126,cheri-berry,3,80,10,3
127,chesto-berry,3,80,10,3
128,pecha-berry,3,80,10,3
129,rawst-berry,3,80,10,3
130,aspear-berry,3,80,10,3
131,leppa-berry,3,80,10,3
132,oran-berry,3,80,10,3
133,persim-berry,3,80,10,3
134,lum-berry,3,80,10,3
135,sitrus-berry,3,80,10,3
136,figy-berry,6,80,10,3
137,wiki-berry,6,80,10,3
138,mago-berry,6,80,10,3
139,aguav-berry,6,80,10,3
140,iapapa-berry,6,80,10,3
141,razz-berry,8,200,10,
142,bluk-berry,8,20,10,
143,nanab-berry,8,200,10,
144,wepear-berry,8,20,10,
145,pinap-berry,8,200,10,
146,pomeg-berry,2,80,10,
147,kelpsy-berry,2,80,10,
148,qualot-berry,2,80,10,
149,hondew-berry,2,80,10,
150,grepa-berry,2,80,10,
151,tamato-berry,2,80,10,
152,cornn-berry,8,20,10,
153,magost-berry,8,20,10,
154,rabuta-berry,8,20,10,
155,nomel-berry,8,20,10,
156,spelon-berry,8,20,10,
157,pamtre-berry,8,20,10,
158,watmel-berry,8,20,10,
159,durin-berry,8,20,10,
160,belue-berry,8,20,10,
161,occa-berry,7,80,10,
162,passho-berry,7,80,10,
163,wacan-berry,7,80,10,
164,rindo-berry,7,80,10,
165,yache-berry,7,80,10,
166,chople-berry,7,80,10,
167,kebia-berry,7,80,10,
168,shuca-berry,7,80,10,
169,coba-berry,7,80,10,
170,payapa-berry,7,80,10,
171,tanga-berry,7,80,10,
172,charti-berry,7,80,10,
173,kasib-berry,7,80,10,
174,haban-berry,7,80,10,
175,colbur-berry,7,80,10,
176,babiri-berry,7,80,10,
177,chilan-berry,7,80,10,
178,liechi-berry,5,80,10,3
179,ganlon-berry,5,80,10,3
180,salac-berry,5,80,10,3
181,petaya-berry,5,80,10,3
182,apicot-berry,5,80,10,3
183,lansat-berry,5,80,10,3
184,starf-berry,5,80,10,3
185,enigma-berry,4,80,10,
186,micle-berry,5,80,10,3
187,custap-berry,5,80,10,
188,jaboca-berry,4,80,10,
189,rowap-berry,4,80,10,
190,bright-powder,12,4000,10,
191,white-herb,12,4000,10,4
192,macho-brace,14,3000,60,
193,exp-share,16,0,,
194,quick-claw,12,4000,80,
195,soothe-bell,16,4000,10,
196,mental-herb,12,4000,10,4
197,choice-band,13,4000,10,
198,kings-rock,12,5000,30,7
199,silver-powder,19,1000,10,
200,amulet-coin,16,10000,30,
201,cleanse-tag,16,5000,30,
202,soul-dew,18,0,30,
203,deep-sea-tooth,18,2000,90,
204,deep-sea-scale,18,2000,30,
205,smoke-ball,12,4000,30,
206,everstone,16,3000,30,
207,focus-band,12,4000,10,
208,lucky-egg,16,10000,30,
209,scope-lens,12,4000,30,
210,metal-coat,19,2000,30,
211,leftovers,12,4000,10,
212,dragon-scale,10,2000,30,
213,light-ball,18,1000,30,5
214,soft-sand,19,1000,10,
215,hard-stone,19,1000,100,
216,miracle-seed,19,1000,30,
217,black-glasses,19,1000,30,
218,black-belt,19,1000,30,
219,magnet,19,1000,30,
220,mystic-water,19,1000,30,
221,sharp-beak,19,1000,50,
222,poison-barb,19,1000,70,6
223,never-melt-ice,19,1000,30,
224,spell-tag,19,1000,30,
225,twisted-spoon,19,1000,30,
226,charcoal,19,1000,30,
227,dragon-fang,19,1000,70,
228,silk-scarf,19,1000,10,
229,up-grade,10,2000,30,
230,shell-bell,12,4000,30,
231,sea-incense,19,2000,10,
232,lax-incense,12,5000,10,
233,lucky-punch,18,1000,40,
234,metal-powder,18,1000,10,
235,thick-club,18,1000,90,
236,stick,18,1000,60,
237,red-scarf,36,100,10,
238,blue-scarf,36,100,10,
239,pink-scarf,36,100,10,
240,green-scarf,36,100,10,
241,yellow-scarf,36,100,10,
242,wide-lens,12,4000,10,
243,muscle-band,12,4000,10,
244,wise-glasses,12,4000,10,
245,expert-belt,12,4000,10,
246,light-clay,12,4000,30,
247,life-orb,12,4000,30,
248,power-herb,12,4000,10,
249,toxic-orb,15,4000,30,1
250,flame-orb,15,4000,30,2
251,quick-powder,18,1000,10,
252,focus-sash,12,4000,10,
253,zoom-lens,12,4000,10,
254,metronome,12,4000,30,
255,iron-ball,15,4000,130,
256,lagging-tail,15,4000,10,
257,destiny-knot,12,4000,10,
258,black-sludge,12,4000,30,
259,icy-rock,12,4000,40,
260,smooth-rock,12,4000,10,
261,heat-rock,12,4000,60,
262,damp-rock,12,4000,60,
263,grip-claw,12,4000,90,
264,choice-scarf,13,4000,10,
265,sticky-barb,15,4000,80,
266,power-bracer,14,3000,70,
267,power-belt,14,3000,70,
268,power-lens,14,3000,70,
269,power-band,14,3000,70,
270,power-anklet,14,3000,70,
271,power-weight,14,3000,70,
272,shed-shell,12,4000,10,
273,big-root,12,4000,10,
274,choice-specs,13,4000,10,
275,flame-plate,17,1000,90,
276,splash-plate,17,1000,90,
277,zap-plate,17,1000,90,
278,meadow-plate,17,1000,90,
279,icicle-plate,17,1000,90,
280,fist-plate,17,1000,90,
281,toxic-plate,17,1000,90,
282,earth-plate,17,1000,90,
283,sky-plate,17,1000,90,
284,mind-plate,17,1000,90,
285,insect-plate,17,1000,90,
286,stone-plate,17,1000,90,
287,spooky-plate,17,1000,90,
288,draco-plate,17,1000,90,
289,dread-plate,17,1000,90,
290,iron-plate,17,1000,90,
291,odd-incense,19,2000,10,
292,rock-incense,19,2000,10,
293,full-incense,15,5000,10,
294,wave-incense,19,2000,10,
295,rose-incense,19,2000,10,
296,luck-incense,16,11000,10,
297,pure-incense,16,6000,10,
298,protector,10,2000,80,
299,electirizer,10,2000,80,
300,magmarizer,10,2000,80,
301,dubious-disc,10,2000,50,
302,reaper-cloth,10,2000,10,
303,razor-claw,12,5000,80,
304,razor-fang,12,5000,30,7
305,tm01,37,40000,,
306,tm02,37,1000,,
307,tm03,37,50000,,
308,tm04,37,50000,,
309,tm05,37,50000,,
310,tm06,37,1000,,
311,tm07,37,1000,,
312,tm08,37,50000,,
313,tm09,37,50000,,
314,tm10,37,1000,,
315,tm11,37,1000,,
316,tm12,37,50000,,
317,tm13,37,10000,,
318,tm14,37,1000,,
319,tm15,37,1000,,
320,tm16,37,1000,,
321,tm17,37,10000,,
322,tm18,37,10000,,
323,tm19,37,10000,,
324,tm20,37,100000,,
325,tm21,37,1000,,
326,tm22,37,1000,,
327,tm23,37,10000,,
328,tm24,37,1000,,
329,tm25,37,10000,,
330,tm26,37,1000,,
331,tm27,37,1000,,
332,tm28,37,100000,,
333,tm29,37,1000,,
334,tm30,37,1000,,
335,tm31,37,1000,,
336,tm32,37,10000,,
337,tm33,37,10000,,
338,tm34,37,10000,,
339,tm35,37,10000,,
340,tm36,37,1000,,
341,tm37,37,1000,,
342,tm38,37,1000,,
343,tm39,37,1000,,
344,tm40,37,1000,,
345,tm41,37,10000,,
346,tm42,37,1000,,
347,tm43,37,1000,,
348,tm44,37,100000,,
349,tm45,37,1000,,
350,tm46,37,30000,,
351,tm47,37,1000,,
352,tm48,37,1000,,
353,tm49,37,1000,,
354,tm50,37,10000,,
355,tm51,37,1000,,
356,tm52,37,100000,,
357,tm53,37,1000,,
358,tm54,37,1000,,
359,tm55,37,10000,,
360,tm56,37,1000,,
361,tm57,37,1000,,
362,tm58,37,1000,,
363,tm59,37,100000,,
364,tm60,37,30000,,
365,tm61,37,30000,,
366,tm62,37,30000,,
367,tm63,37,50000,,
368,tm64,37,1000,,
369,tm65,37,1000,,
370,tm66,37,30000,,
371,tm67,37,30000,,
372,tm68,37,30000,,
373,tm69,37,1000,,
374,tm70,37,50000,,
375,tm71,37,50000,,
376,tm72,37,50000,,
377,tm73,37,1000,,
378,tm74,37,1000,,
379,tm75,37,1000,,
380,tm76,37,10000,,
381,tm77,37,1000,,
382,tm78,37,1000,,
383,tm79,37,1000,,
384,tm80,37,1000,,
385,tm81,37,1000,,
386,tm82,37,1000,,
387,tm83,37,100000,,
388,tm84,37,1000,,
389,tm85,37,1000,,
390,tm86,37,1000,,
391,tm87,37,1000,,
392,tm88,37,20000,,
393,tm89,37,20000,,
394,tm90,37,20000,,
395,tm91,37,20000,,
396,tm92,37,100000,,
397,hm01,37,0,,
398,hm02,37,0,,
399,hm03,37,0,,
400,hm04,37,0,,
401,hm05,37,0,,
402,hm06,37,0,,
403,hm07,37,0,,
404,hm08,37,0,,
405,explorer-kit,21,0,,
406,loot-sack,23,0,,
407,rule-book,23,0,,
408,poke-radar,21,0,,
409,point-card,21,0,,
410,journal,21,0,,
411,seal-case,21,0,,
412,fashion-case,21,0,,
413,seal-bag,23,0,,
414,pal-pad,21,0,,
415,works-key,22,0,,
416,old-charm,22,0,,
417,galactic-key,22,0,,
418,red-chain,23,0,,
419,town-map,21,0,,
420,vs-seeker,21,0,,
421,coin-case,21,0,,
422,old-rod,21,0,,
423,good-rod,21,0,,
424,super-rod,21,0,,
425,sprayduck,21,0,,
426,poffin-case,21,0,,
427,bicycle,21,0,,
428,suite-key,20,0,,
429,oaks-letter,20,0,,
430,lunar-wing,20,0,,
431,member-card,20,0,,
432,azure-flute,20,0,,
433,ss-ticket,22,0,,
434,contest-pass,21,0,,
435,magma-stone,22,0,,
436,parcel,22,0,,
437,coupon-1,22,0,,
438,coupon-2,22,0,,
439,coupon-3,22,0,,
440,storage-key,22,0,,
441,secret-potion,22,0,,
442,griseous-orb,18,0,60,
443,vs-recorder,21,0,,
444,gracidea,20,0,,
445,secret-key,20,0,,
446,apricorn-box,21,0,,
447,berry-pots,21,0,,
448,squirt-bottle,22,0,,
449,lure-ball,39,0,,
450,level-ball,39,0,,
451,moon-ball,39,0,,
452,heavy-ball,39,0,,
453,fast-ball,39,0,,
454,friend-ball,39,0,,
455,love-ball,39,0,,
456,park-ball,34,0,,
457,sport-ball,34,300,,
458,red-apricorn,40,200,10,
459,blue-apricorn,40,200,10,
460,yellow-apricorn,40,200,10,
461,green-apricorn,40,200,10,
462,pink-apricorn,40,200,10,
463,white-apricorn,40,200,10,
464,black-apricorn,40,200,10,
465,dowsing-machine,21,0,,
466,rage-candy-bar,21,350,30,
467,red-orb,22,0,,
468,blue-orb,22,0,,
469,jade-orb,22,0,,
470,enigma-stone,20,0,,
471,unown-report,21,0,,
472,blue-card,21,0,,
473,slowpoke-tail,23,0,,
474,clear-bell,22,0,,
475,card-key,22,0,,
476,basement-key,22,0,,
477,red-scale,22,0,,
478,lost-item,22,0,,
479,pass,22,0,,
480,machine-part,22,0,,
481,silver-wing,22,0,,
482,rainbow-wing,22,0,,
483,mystery-egg,22,0,,
484,gb-sounds,21,0,,
485,tidal-bell,22,0,,
486,data-card-01,41,0,,
487,data-card-02,41,0,,
488,data-card-03,41,0,,
489,data-card-04,41,0,,
490,data-card-05,41,0,,
491,data-card-06,41,0,,
492,data-card-07,41,0,,
493,data-card-08,41,0,,
494,data-card-09,41,0,,
495,data-card-10,41,0,,
496,data-card-11,41,0,,
497,data-card-12,41,0,,
498,data-card-13,41,0,,
499,data-card-14,41,0,,
500,data-card-15,41,0,,
501,data-card-16,41,0,,
502,data-card-17,41,0,,
503,data-card-18,41,0,,
504,data-card-19,41,0,,
505,data-card-20,41,0,,
506,data-card-21,41,0,,
507,data-card-22,41,0,,
508,data-card-23,41,0,,
509,data-card-24,41,0,,
510,data-card-25,41,0,,
511,data-card-26,41,0,,
512,data-card-27,41,0,,
513,lock-capsule,23,0,,
514,photo-album,23,0,,
515,orange-mail,25,50,,
516,harbor-mail,25,50,,
517,glitter-mail,25,50,,
518,mech-mail,25,50,,
519,wood-mail,25,50,,
520,wave-mail,25,50,,
521,bead-mail,25,50,,
522,shadow-mail,25,50,,
523,tropic-mail,25,50,,
524,dream-mail,25,50,,
525,fab-mail,25,50,,
526,retro-mail,25,0,,
527,mach-bike,21,0,,
528,acro-bike,21,0,,
529,wailmer-pail,21,0,,
530,devon-goods,22,0,,
531,soot-sack,21,0,,
532,pokeblock-case,21,0,,
533,letter,22,0,,
534,eon-ticket,20,0,,
535,scanner,22,0,,
536,go-goggles,21,0,,
537,meteorite,22,0,,
538,rm-1-key,22,0,,
539,rm-2-key,22,0,,
540,rm-4-key,22,0,,
541,rm-6-key,22,0,,
542,devon-scope,21,0,,
543,oaks-parcel,22,0,,
544,poke-flute,22,0,,
545,bike-voucher,22,0,,
546,gold-teeth,22,0,,
547,lift-key,22,0,,
548,silph-scope,22,0,,
549,fame-checker,21,0,,
550,tm-case,21,0,,
551,berry-pouch,21,0,,
552,teachy-tv,21,0,,
553,tri-pass,22,0,,
554,rainbow-pass,22,0,,
555,tea,22,0,,
556,mysticticket,20,0,,
557,auroraticket,20,0,,
558,powder-jar,21,0,,
559,ruby,22,0,,
560,sapphire,22,0,,
561,magma-emblem,22,0,,
562,old-sea-map,20,0,,
563,douse-drive,18,0,70,
564,shock-drive,18,0,70,
565,burn-drive,18,0,70,
566,chill-drive,18,0,70,
567,sweet-heart,27,3000,30,
568,greet-mail,25,50,,
569,favored-mail,25,50,,
570,rsvp-mail,25,50,,
571,thanks-mail,25,50,,
572,inquiry-mail,25,50,,
573,like-mail,25,50,,
574,reply-mail,25,50,,
575,bridge-mail-s,25,50,,
576,bridge-mail-d,25,50,,
577,bridge-mail-t,25,50,,
578,bridge-mail-v,25,50,,
579,bridge-mail-m,25,50,,
580,prism-scale,10,2000,30,
581,eviolite,12,4000,40,
582,float-stone,12,4000,30,
583,rocky-helmet,12,4000,60,
584,air-balloon,12,4000,10,
585,red-card,12,4000,10,
586,ring-target,12,4000,10,
587,binding-band,12,4000,30,
588,absorb-bulb,12,4000,30,
589,cell-battery,12,4000,30,
590,eject-button,12,4000,30,
591,fire-gem,42,200,,
592,water-gem,42,200,,
593,electric-gem,42,200,,
594,grass-gem,42,200,,
595,ice-gem,42,200,,
596,fighting-gem,42,200,,
597,poison-gem,42,200,,
598,ground-gem,42,200,,
599,flying-gem,42,200,,
600,psychic-gem,42,200,,
601,bug-gem,42,200,,
602,rock-gem,42,200,,
603,ghost-gem,42,200,,
604,dark-gem,42,200,,
605,steel-gem,42,200,,
606,health-wing,26,300,20,
607,muscle-wing,26,300,20,
608,resist-wing,26,300,20,
609,genius-wing,26,300,20,
610,clever-wing,26,300,20,
611,swift-wing,26,300,20,
612,pretty-wing,24,1000,20,
613,cover-fossil,35,7000,100,
614,plume-fossil,35,7000,100,
615,liberty-pass,20,0,,
616,pass-orb,12,200,30,
617,dream-ball,33,0,,
618,poke-toy,11,100,30,
619,prop-case,21,0,,
620,dragon-skull,22,0,,
621,balm-mushroom,24,15000,30,
622,big-nugget,24,40000,130,
623,pearl-string,24,20000,30,
624,comet-shard,24,25000,30,
625,relic-copper,24,0,30,
626,relic-silver,24,0,30,
627,relic-gold,24,60000,30,
628,relic-vase,24,0,30,
629,relic-band,24,0,30,
630,relic-statue,24,0,30,
631,relic-crown,24,0,30,
632,casteliacone,30,350,30,
633,dire-hit-2,43,0,,
634,x-speed-2,43,0,,
635,x-sp-atk-2,43,0,,
636,x-sp-def-2,43,0,,
637,x-defense-2,43,0,,
638,x-attack-2,43,0,,
639,x-accuracy-2,43,0,,
640,x-speed-3,43,0,,
641,x-sp-atk-3,43,0,,
642,x-sp-def-3,43,0,,
643,x-defense-3,43,0,,
644,x-attack-3,43,0,,
645,x-accuracy-3,43,0,,
646,x-speed-6,43,0,,
647,x-sp-atk-6,43,0,,
648,x-sp-def-6,43,0,,
649,x-defense-6,43,0,,
650,x-attack-6,43,0,,
651,x-accuracy-6,43,0,,
652,ability-urge,43,0,,
653,item-drop,43,0,,
654,item-urge,43,0,,
655,reset-urge,43,0,,
656,dire-hit-3,43,0,,
657,light-stone,22,0,,
658,dark-stone,22,0,,
659,tm93,37,1000,,
660,tm94,37,10000,,
661,tm95,37,1000,,
662,xtransceiver,21,0,,
663,god-stone,23,0,,
664,gram-1,22,0,,
665,gram-2,22,0,,
666,gram-3,22,0,,
668,dragon-gem,42,200,,
669,normal-gem,42,4000,,
670,medal-box,21,0,,
671,dna-splicers,21,0,,
673,permit,21,0,,
674,oval-charm,21,0,,
675,shiny-charm,21,0,,
676,plasma-card,22,0,,
677,grubby-hanky,22,0,,
678,colress-machine,22,0,,
679,dropped-item,22,0,,
681,reveal-glass,21,0,,
682,weakness-policy,12,1000,80,
683,assault-vest,12,1000,80,
684,pixie-plate,17,1000,90,
685,ability-capsule,26,10000,,
686,whipped-dream,10,2000,80,
687,sachet,10,2000,80,
688,luminous-moss,12,4000,30,
689,snowball,12,4000,30,
690,safety-goggles,12,4000,80,
691,rich-mulch,32,200,30,
692,surprise-mulch,32,200,30,
693,boost-mulch,32,200,30,
694,amaze-mulch,32,200,30,
695,gengarite,44,0,80,
696,gardevoirite,44,0,80,
697,ampharosite,44,0,80,
698,venusaurite,44,0,80,
699,charizardite-x,44,0,80,
700,blastoisinite,44,0,80,
701,mewtwonite-x,44,0,80,
702,mewtwonite-y,44,0,80,
703,blazikenite,44,0,80,
704,medichamite,44,0,80,
705,houndoominite,44,0,80,
706,aggronite,44,0,80,
707,banettite,44,0,80,
708,tyranitarite,44,0,80,
709,scizorite,44,0,80,
710,pinsirite,44,0,80,
711,aerodactylite,44,0,80,
712,lucarionite,44,0,80,
713,abomasite,44,0,80,
714,kangaskhanite,44,0,80,
715,gyaradosite,44,0,80,
716,absolite,44,0,80,
717,charizardite-y,44,0,80,
718,alakazite,44,0,80,
719,heracronite,44,0,80,
720,mawilite,44,0,80,
721,manectite,44,0,80,
722,garchompite,44,0,80,
723,roseli-berry,7,80,10,
724,kee-berry,4,80,10,3
725,maranga-berry,4,80,10,3
726,discount-coupon,24,20,10,
727,strange-souvenir,24,3000,30,
728,lumiose-galette,30,350,30,
729,jaw-fossil,35,7000,100,
730,sail-fossil,35,7000,100,
731,fairy-gem,42,200,,
732,adventure-rules,21,0,,
733,elevator-key,22,0,,
734,holo-caster,21,0,,
735,honor-of-kalos,22,0,,
736,intriguing-stone,22,0,,
737,lens-case,21,0,,
738,looker-ticket,22,0,,
739,mega-ring,21,0,,
740,power-plant-pass,22,0,,
741,profs-letter,22,0,,
742,roller-skates,21,0,,
743,sprinklotad,21,0,,
744,tmv-pass,21,0,,
745,tm96,37,1000,,
746,tm97,37,1000,,
747,tm98,37,1000,,
748,tm99,37,1000,,
749,tm100,37,5000,,
760,latiasite,44,0,80,
761,latiosite,44,0,80,
762,common-stone,23,0,,
763,makeup-bag,21,0,,
764,travel-trunk,23,0,,
765,shalour-sable,30,350,30,
768,mega-charm,23,0,,
769,mega-glove,23,0,,
770,devon-parts,22,0,,
772,pokeblock-kit,21,0,,
773,key-to-room-1,22,0,,
774,key-to-room-2,22,0,,
775,key-to-room-4,22,0,,
776,key-to-room-6,22,0,,
779,devon-scuba-gear,22,0,,
780,contest-costume--jacket,21,0,,
782,magma-suit,22,0,,
783,aqua-suit,22,0,,
784,pair-of-tickets,22,0,,
785,mega-bracelet,21,0,,
786,mega-pendant,23,0,,
787,mega-glasses,23,0,,
788,mega-anchor,23,0,,
789,mega-stickpin,23,0,,
790,mega-tiara,23,0,,
791,mega-anklet,23,0,,
793,swampertite,44,0,80,
794,sceptilite,44,0,80,
795,sablenite,44,0,80,
796,altarianite,44,0,80,
797,galladite,44,0,80,
798,audinite,44,0,80,
799,metagrossite,44,0,80,
800,sharpedonite,44,0,80,
801,slowbronite,44,0,80,
802,steelixite,44,0,80,
803,pidgeotite,44,0,80,
804,glalitite,44,0,80,
805,diancite,44,0,80,
806,prison-bottle,21,0,,
807,mega-cuff,23,0,,
808,cameruptite,44,0,80,
809,lopunnite,44,0,80,
810,salamencite,44,0,80,
811,beedrillite,44,0,80,
814,key-stone,21,0,,
815,meteorite-shard,22,0,,
816,eon-flute,21,0,,
817,normalium-z--held,46,0,,
818,firium-z--held,46,0,,
819,waterium-z--held,46,0,,
820,electrium-z--held,46,0,,
821,grassium-z--held,46,0,,
822,icium-z--held,46,0,,
823,fightinium-z--held,46,0,,
824,poisonium-z--held,46,0,,
825,groundium-z--held,46,0,,
826,flyinium-z--held,46,0,,
827,psychium-z--held,46,0,,
828,buginium-z--held,46,0,,
829,rockium-z--held,46,0,,
830,ghostium-z--held,46,0,,
831,dragonium-z--held,46,0,,
832,darkinium-z--held,46,0,,
833,steelium-z--held,46,0,,
834,fairium-z--held,46,0,,
835,pikanium-z--held,46,0,,
836,bottle-cap,24,5000,30,
837,gold-bottle-cap,24,10000,30,
838,z-ring,21,0,,
839,decidium-z--held,46,0,,
840,incinium-z--held,46,0,,
841,primarium-z--held,46,0,,
842,tapunium-z--held,46,0,,
843,marshadium-z--held,46,0,,
844,aloraichium-z--held,46,0,,
845,snorlium-z--held,46,0,,
846,eevium-z--held,46,0,,
847,mewnium-z--held,46,0,,
877,pikashunium-z--held,46,0,,
878,forage-bag,21,0,,
879,fishing-rod,21,0,,
880,professors-mask,22,0,,
881,festival-ticket,21,10,,
882,sparkling-stone,22,0,,
883,adrenaline-orb,12,4000,30,
884,zygarde-cube,21,0,,
885,ice-stone,10,3000,30,
886,ride-pager,23,0,,
887,beast-ball,33,0,,
888,big-malasada,30,350,30,
889,red-nectar,18,300,10,
890,yellow-nectar,18,300,10,
891,pink-nectar,18,300,10,
892,purple-nectar,18,300,10,
893,sun-flute,22,0,,
894,moon-flute,22,0,,
895,enigmatic-card,22,0,,
896,terrain-extender,12,4000,60,
897,protective-pads,12,4000,30,
898,electric-seed,12,4000,10,
899,psychic-seed,12,4000,10,
900,misty-seed,12,4000,10,
901,grassy-seed,12,4000,10,
902,fighting-memory,45,1000,50,
903,flying-memory,45,1000,50,
904,poison-memory,45,1000,50,
905,ground-memory,45,1000,50,
906,rock-memory,45,1000,50,
907,bug-memory,45,1000,50,
908,ghost-memory,45,1000,50,
909,steel-memory,45,1000,50,
910,fire-memory,45,1000,50,
911,water-memory,45,1000,50,
912,grass-memory,45,1000,50,
913,electric-memory,45,1000,50,
914,psychic-memory,45,1000,50,
915,ice-memory,45,1000,50,
916,dragon-memory,45,1000,50,
917,dark-memory,45,1000,50,
918,fairy-memory,45,1000,50,
919,bike--green,23,0,,
920,storage-key--galactic-warehouse,23,0,,
921,basement-key--goldenrod,23,0,,
922,xtransceiver--red,23,0,,
923,xtransceiver--yellow,23,0,,
924,dna-splicers--merge,23,0,,
925,dna-splicers--split,23,0,,
926,dropped-item--red,23,0,,
927,dropped-item--yellow,23,0,,
928,holo-caster--green,23,0,,
929,bike--yellow,23,0,,
930,holo-caster--red,23,0,,
931,basement-key--new-mauville,23,0,,
932,storage-key--sea-mauville,23,0,,
933,ss-ticket--hoenn,23,0,,
934,contest-costume--dress,23,0,,
935,meteorite--2,23,0,,
936,meteorite--3,23,0,,
937,meteorite--4,23,0,,
938,normalium-z--bag,23,0,,
939,firium-z--bag,23,0,,
940,waterium-z--bag,23,0,,
941,electrium-z--bag,23,0,,
942,grassium-z--bag,23,0,,
943,icium-z--bag,23,0,,
944,fightinium-z--bag,23,0,,
945,poisonium-z--bag,23,0,,
946,groundium-z--bag,23,0,,
947,flyinium-z--bag,23,0,,
948,psychium-z--bag,23,0,,
949,buginium-z--bag,23,0,,
950,rockium-z--bag,23,0,,
951,ghostium-z--bag,23,0,,
952,dragonium-z--bag,23,0,,
953,darkinium-z--bag,23,0,,
954,steelium-z--bag,23,0,,
955,fairium-z--bag,23,0,,
956,pikanium-z--bag,23,0,,
957,decidium-z--bag,23,0,,
958,incinium-z--bag,23,0,,
959,primarium-z--bag,23,0,,
960,tapunium-z--bag,23,0,,
961,marshadium-z--bag,23,0,,
962,aloraichium-z--bag,23,0,,
963,snorlium-z--bag,23,0,,
964,eevium-z--bag,23,0,,
965,mewnium-z--bag,23,0,,
966,pikashunium-z--bag,23,0,,
967,solganium-z--held,23,0,,
968,lunalium-z--held,23,0,,
969,ultranecrozium-z--held,23,0,,
970,mimikium-z--held,23,0,,
971,lycanium-z--held,23,0,,
972,kommonium-z--held,23,0,,
973,solganium-z--bag,23,0,,
974,lunalium-z--bag,23,0,,
975,ultranecrozium-z--bag,23,0,,
976,mimikium-z--bag,23,0,,
977,lycanium-z--bag,23,0,,
978,kommonium-z--bag,23,0,,
979,z-power-ring,23,0,,
980,pink-petal,23,0,,
981,orange-petal,23,0,,
982,blue-petal,23,0,,
983,red-petal,23,0,,
984,green-petal,23,0,,
985,yellow-petal,23,0,,
986,purple-petal,23,0,,
987,rainbow-flower,23,0,,
988,surge-badge,23,0,,
989,n-solarizer--merge,23,0,,
990,n-lunarizer--merge,23,0,,
991,n-solarizer--split,23,0,,
992,n-lunarizer--split,23,0,,
993,ilimas-normalium-z,23,0,,
994,left-poke-ball,23,0,,
995,roto-hatch,23,0,,
996,roto-bargain,23,0,,
997,roto-prize-money,23,0,,
998,roto-exp-points,23,0,,
999,roto-friendship,23,0,,
1000,roto-encounter,23,0,,
1001,roto-stealth,23,0,,
1002,roto-hp-restore,23,0,,
1003,roto-pp-restore,23,0,,
1004,roto-boost,23,0,,
1005,roto-catch,23,0,,
1006,autograph,23,0,,
1007,pokemon-box,23,0,,
1008,medicine-pocket,23,0,,
1009,candy-jar,23,0,,
1010,power-up-pocket,23,0,,
1011,clothing-trunk,23,0,,
1012,catching-pocket,23,0,,
1013,battle-pocket,23,0,,
1014,silver-razz-berry,48,1000,10,
1015,golden-razz-berry,48,5000,10,
1016,silver-nanab-berry,48,1000,10,
1017,golden-nanab-berry,48,5000,10,
1018,silver-pinap-berry,48,1000,10,
1019,golden-pinap-berry,48,5000,10,
1020,secret-key--letsgo,22,0,,
1021,ss-ticket--letsgo,22,0,,
1022,parcel--letsgo,22,0,,
1023,card-key--letsgo,22,0,,
1024,stretchy-spring,24,20,30,
1025,chalky-stone,24,60,30,
1026,marble,24,300,30,
1027,lone-earring,24,600,30,
1028,beach-glass,24,800,30,
1029,gold-leaf,24,1000,30,
1030,silver-leaf,24,1000,30,
1031,polished-mud-ball,24,1200,30,
1032,tropical-shell,24,2000,30,
1033,leaf-letter--pikachu,24,0,30,
1034,leaf-letter--eevee,24,0,30,
1035,small-bouquet,24,0,30,
1036,lure,11,400,30,
1037,super-lure,11,700,30,
1038,max-lure,11,900,30,
1039,pewter-crunchies,30,250,30,
1040,health-candy,26,20,,
1041,mighty-candy,26,20,,
1042,tough-candy,26,20,,
1043,smart-candy,26,20,,
1044,courage-candy,26,20,,
1045,quick-candy,26,20,,
1046,health-candy-l,26,20,,
1047,mighty-candy-l,26,20,,
1048,tough-candy-l,26,20,,
1049,smart-candy-l,26,20,,
1050,courage-candy-l,26,20,,
1051,quick-candy-l,26,20,,
1052,health-candy-xl,26,20,,
1053,mighty-candy-xl,26,20,,
1054,tough-candy-xl,26,20,,
1055,smart-candy-xl,26,20,,
1056,courage-candy-xl,26,20,,
1057,quick-candy-xl,26,20,,
1058,bulbasaur-candy,47,20,,
1059,charmander-candy,47,20,,
1060,squirtle-candy,47,20,,
1061,caterpie-candy,47,20,,
1062,weedle-candy,47,20,,
1063,pidgey-candy,47,20,,
1064,rattata-candy,47,20,,
1065,spearow-candy,47,20,,
1066,ekans-candy,47,20,,
1067,pikachu-candy,47,20,,
1068,sandshrew-candy,47,20,,
1069,nidoran-f-candy,47,20,,
1070,nidoran-m-candy,47,20,,
1071,clefairy-candy,47,20,,
1072,vulpix-candy,47,20,,
1073,jigglypuff-candy,47,20,,
1074,zubat-candy,47,20,,
1075,oddish-candy,47,20,,
1076,paras-candy,47,20,,
1077,venonat-candy,47,20,,
1078,diglett-candy,47,20,,
1079,meowth-candy,47,20,,
1080,psyduck-candy,47,20,,
1081,mankey-candy,47,20,,
1082,growlithe-candy,47,20,,
1083,poliwag-candy,47,20,,
1084,abra-candy,47,20,,
1085,machop-candy,47,20,,
1086,bellsprout-candy,47,20,,
1087,tentacool-candy,47,20,,
1088,geodude-candy,47,20,,
1089,ponyta-candy,47,20,,
1090,slowpoke-candy,47,20,,
1091,magnemite-candy,47,20,,
1092,farfetchd-candy,47,20,,
1093,doduo-candy,47,20,,
1094,seel-candy,47,20,,
1095,grimer-candy,47,20,,
1096,shellder-candy,47,20,,
1097,gastly-candy,47,20,,
1098,onix-candy,47,20,,
1099,drowzee-candy,47,20,,
1100,krabby-candy,47,20,,
1101,voltorb-candy,47,20,,
1102,exeggcute-candy,47,20,,
1103,cubone-candy,47,20,,
1104,hitmonlee-candy,47,20,,
1105,hitmonchan-candy,47,20,,
1106,lickitung-candy,47,20,,
1107,koffing-candy,47,20,,
1108,rhyhorn-candy,47,20,,
1109,chansey-candy,47,20,,
1110,tangela-candy,47,20,,
1111,kangaskhan-candy,47,20,,
1112,horsea-candy,47,20,,
1113,goldeen-candy,47,20,,
1114,staryu-candy,47,20,,
1115,mr-mime-candy,47,20,,
1116,scyther-candy,47,20,,
1117,jynx-candy,47,20,,
1118,electabuzz-candy,47,20,,
1119,pinsir-candy,47,20,,
1120,tauros-candy,47,20,,
1121,magikarp-candy,47,20,,
1122,lapras-candy,47,20,,
1123,ditto-candy,47,20,,
1124,eevee-candy,47,20,,
1125,porygon-candy,47,20,,
1126,omanyte-candy,47,20,,
1127,kabuto-candy,47,20,,
1128,aerodactyl-candy,47,20,,
1129,snorlax-candy,47,20,,
1130,articuno-candy,47,20,,
1131,zapdos-candy,47,20,,
1132,moltres-candy,47,20,,
1133,dratini-candy,47,20,,
1134,mewtwo-candy,47,20,,
1135,mew-candy,47,20,,
1136,meltan-candy,47,20,,
1137,magmar-candy,47,20,,
1138,endorsement,22,0,,
1139,pokemon-box-link,21,0,,
1140,wishing-star,22,0,,
1141,dynamax-band,22,0,,
1142,fishing-rod--galar,21,0,,
1143,rotom-bike,21,0,,
1144,sausages,51,400,10,
1145,bobs-food-tin,51,950,80,
1146,bachs-food-tin,51,950,80,
1147,tin-of-beans,51,400,80,
1148,bread,51,150,10,
1149,pasta,51,150,10,
1150,mixed-mushrooms,51,400,10,
1151,smoke-poke-tail,51,2200,10,
1152,large-leek,51,2200,20,
1153,fancy-apple,51,2200,20,
1154,brittle-bones,51,950,30,
1155,pack-of-potatoes,51,400,10,
1156,pungent-root,51,950,10,
1157,salad-mix,51,400,10,
1158,fried-food,51,150,10,
1159,boiled-egg,51,2200,20,
1160,camping-gear,21,0,,
1161,rusted-sword,18,0,,
1162,rusted-shield,18,0,,
1163,fossilized-bird,35,5000,100,
1164,fossilized-fish,35,5000,100,
1165,fossilized-drake,35,5000,100,
1166,fossilized-dino,35,5000,100,
1167,strawberry-sweet,10,500,10,
1168,love-sweet,10,500,10,
1169,berry-sweet,10,500,10,
1170,clover-sweet,10,500,10,
1171,flower-sweet,10,500,10,
1172,star-sweet,10,500,10,
1173,ribbon-sweet,10,500,10,
1174,sweet-apple,10,2200,30,
1175,tart-apple,10,2200,30,
1176,throat-spray,12,4000,30,
1177,eject-pack,12,4000,50,
1178,heavy-duty-boots,12,4000,80,
1179,blunder-policy,12,4000,80,
1180,room-service,12,4000,100,
1181,utility-umbrella,12,4000,60,
1182,exp-candy-xs,26,20,30,
1183,exp-candy-s,26,240,30,
1184,exp-candy-m,26,1000,30,
1185,exp-candy-l,26,3000,30,
1186,exp-candy-xl,26,10000,30,
1187,dynamax-candy,26,0,30,
1188,tr00,37,4000,10,
1189,tr01,37,6000,85,
1190,tr02,37,10000,90,
1191,tr03,37,16000,110,
1192,tr04,37,10000,90,
1193,tr05,37,10000,90,
1194,tr06,37,16000,110,
1195,tr07,37,6000,10,
1196,tr08,37,10000,90,
1197,tr09,37,16000,110,
1198,tr10,37,16000,100,
1199,tr11,37,10000,90,
1200,tr12,37,4000,10,
1201,tr13,37,2000,10,
1202,tr14,37,2000,10,
1203,tr15,37,16000,110,
1204,tr16,37,6000,80,
1205,tr17,37,4000,10,
1206,tr18,37,6000,80,
1207,tr19,37,4000,80,
1208,tr20,37,6000,10,
1209,tr21,37,4000,10,
1210,tr22,37,10000,90,
1211,tr23,37,4000,10,
1212,tr24,37,16000,120,
1213,tr25,37,6000,80,
1214,tr26,37,2000,10,
1215,tr27,37,4000,10,
1216,tr28,37,16000,120,
1217,tr29,37,4000,10,
1218,tr30,37,4000,10,
1219,tr31,37,10000,100,
1220,tr32,37,6000,80,
1221,tr33,37,6000,80,
1222,tr34,37,6000,120,
1223,tr35,37,6000,90,
1224,tr36,37,10000,95,
1225,tr37,37,4000,10,
1226,tr38,37,4000,10,
1227,tr39,37,16000,120,
1228,tr40,37,2000,10,
1229,tr41,37,6000,85,
1230,tr42,37,10000,90,
1231,tr43,37,16000,130,
1232,tr44,37,4000,10,
1233,tr45,37,10000,90,
1234,tr46,37,4000,10,
1235,tr47,37,6000,80,
1236,tr48,37,4000,10,
1237,tr49,37,4000,10,
1238,tr50,37,10000,90,
1239,tr51,37,4000,10,
1240,tr52,37,6000,10,
1241,tr53,37,16000,120,
1242,tr54,37,4000,10,
1243,tr55,37,16000,120,
1244,tr56,37,6000,80,
1245,tr57,37,6000,80,
1246,tr58,37,6000,80,
1247,tr59,37,6000,80,
1248,tr60,37,6000,80,
1249,tr61,37,10000,90,
1250,tr62,37,6000,85,
1251,tr63,37,6000,80,
1252,tr64,37,16000,120,
1253,tr65,37,10000,90,
1254,tr66,37,16000,120,
1255,tr67,37,10000,90,
1256,tr68,37,4000,10,
1257,tr69,37,6000,80,
1258,tr70,37,10000,80,
1259,tr71,37,16000,130,
1260,tr72,37,16000,120,
1261,tr73,37,16000,120,
1262,tr74,37,10000,80,
1263,tr75,37,16000,100,
1264,tr76,37,6000,10,
1265,tr77,37,6000,10,
1266,tr78,37,10000,95,
1267,tr79,37,6000,10,
1268,tr80,37,6000,10,
1269,tr81,37,6000,95,
1270,tr82,37,4000,20,
1271,tr83,37,4000,10,
1272,tr84,37,6000,80,
1273,tr85,37,2000,10,
1274,tr86,37,10000,90,
1275,tr87,37,6000,80,
1276,tr88,37,6000,10,
1277,tr89,37,16000,110,
1278,tr90,37,10000,90,
1279,tr91,37,4000,10,
1280,tr92,37,6000,80,
1281,tr93,37,10000,85,
1282,tr94,37,10000,95,
1283,tr95,37,6000,80,
1284,tr96,37,10000,90,
1285,tr97,37,10000,85,
1286,tr98,37,6000,85,
1287,tr99,37,6000,80,
1288,tm00,37,10000,,
1289,lonely-mint,50,20,10,
1290,adamant-mint,50,20,10,
1291,naughty-mint,50,20,10,
1292,brave-mint,50,20,10,
1293,bold-mint,50,20,10,
1294,impish-mint,50,20,10,
1295,lax-mint,50,20,10,
1296,relaxed-mint,50,20,10,
1297,modest-mint,50,20,10,
1298,mild-mint,50,20,10,
1299,rash-mint,50,20,10,
1300,quiet-mint,50,20,10,
1301,calm-mint,50,20,10,
1302,gentle-mint,50,20,10,
1303,careful-mint,50,20,10,
1304,sassy-mint,50,20,10,
1305,timid-mint,50,20,10,
1306,hasty-mint,50,20,10,
1307,jolly-mint,50,20,10,
1308,naive-mint,50,20,10,
1309,serious-mint,50,20,10,
1310,wishing-piece,9,20,50,
1311,cracked-pot,10,1600,80,
1312,chipped-pot,10,38000,80,
1313,hi-tech-earbuds,21,0,,
1314,fruit-bunch,51,2200,10,
1315,moomoo-cheese,51,2200,20,
1316,spice-mix,51,400,50,
1317,fresh-cream,51,950,10,
1318,packaged-curry,51,950,10,
1319,coconut-milk,51,950,10,
1320,instant-noodles,51,150,10,
1321,precooked-burger,51,150,10,
1322,gigantamix,51,15000,50,
1323,wishing-chip,23,0,,
1324,rotom-bike--water-mode,23,0,,
1325,catching-charm,21,0,,
1326,old-letter,22,0,,
1327,band-autograph,23,0,,
1328,sonias-book,22,0,,
1329,rotom-catalog,21,0,,
1330,dynamax-crystal-and458,49,20,,
1331,dynamax-crystal-and15,49,20,,
1332,dynamax-crystal-and337,49,20,,
1333,dynamax-crystal-and603,49,20,,
1334,dynamax-crystal-and390,49,20,,
1335,dynamax-crystal-sgr6879,49,20,,
1336,dynamax-crystal-sgr6859,49,20,,
1337,dynamax-crystal-sgr6913,49,20,,
1338,dynamax-crystal-sgr7348,49,20,,
1339,dynamax-crystal-sgr7121,49,20,,
1340,dynamax-crystal-sgr6746,49,20,,
1341,dynamax-crystal-sgr7194,49,20,,
1342,dynamax-crystal-sgr7337,49,20,,
1343,dynamax-crystal-sgr7343,49,20,,
1344,dynamax-crystal-sgr6812,49,20,,
1345,dynamax-crystal-sgr7116,49,20,,
1346,dynamax-crystal-sgr7264,49,20,,
1347,dynamax-crystal-sgr7597,49,20,,
1348,dynamax-crystal-del7882,49,20,,
1349,dynamax-crystal-del7906,49,20,,
1350,dynamax-crystal-del7852,49,20,,
1351,dynamax-crystal-psc596,49,20,,
1352,dynamax-crystal-psc361,49,20,,
1353,dynamax-crystal-psc510,49,20,,
1354,dynamax-crystal-psc437,49,20,,
1355,dynamax-crystal-psc8773,49,20,,
1356,dynamax-crystal-lep1865,49,20,,
1357,dynamax-crystal-lep1829,49,20,,
1358,dynamax-crystal-boo5340,49,20,,
1359,dynamax-crystal-boo5506,49,20,,
1360,dynamax-crystal-boo5435,49,20,,
1361,dynamax-crystal-boo5602,49,20,,
1362,dynamax-crystal-boo5733,49,20,,
1363,dynamax-crystal-boo5235,49,20,,
1364,dynamax-crystal-boo5351,49,20,,
1365,dynamax-crystal-hya3748,49,20,,
1366,dynamax-crystal-hya3903,49,20,,
1367,dynamax-crystal-hya3418,49,20,,
1368,dynamax-crystal-hya3482,49,20,,
1369,dynamax-crystal-hya3845,49,20,,
1370,dynamax-crystal-eri1084,49,20,,
1371,dynamax-crystal-eri472,49,20,,
1372,dynamax-crystal-eri1666,49,20,,
1373,dynamax-crystal-eri897,49,20,,
1374,dynamax-crystal-eri1231,49,20,,
1375,dynamax-crystal-eri874,49,20,,
1376,dynamax-crystal-eri1298,49,20,,
1377,dynamax-crystal-eri1325,49,20,,
1378,dynamax-crystal-eri984,49,20,,
1379,dynamax-crystal-eri1464,49,20,,
1380,dynamax-crystal-eri1393,49,20,,
1381,dynamax-crystal-eri850,49,20,,
1382,dynamax-crystal-tau1409,49,20,,
1383,dynamax-crystal-tau1457,49,20,,
1384,dynamax-crystal-tau1165,49,20,,
1385,dynamax-crystal-tau1791,49,20,,
1386,dynamax-crystal-tau1910,49,20,,
1387,dynamax-crystal-tau1346,49,20,,
1388,dynamax-crystal-tau1373,49,20,,
1389,dynamax-crystal-tau1412,49,20,,
1390,dynamax-crystal-cma2491,49,20,,
1391,dynamax-crystal-cma2693,49,20,,
1392,dynamax-crystal-cma2294,49,20,,
1393,dynamax-crystal-cma2827,49,20,,
1394,dynamax-crystal-cma2282,49,20,,
1395,dynamax-crystal-cma2618,49,20,,
1396,dynamax-crystal-cma2657,49,20,,
1397,dynamax-crystal-cma2646,49,20,,
1398,dynamax-crystal-uma4905,49,20,,
1399,dynamax-crystal-uma4301,49,20,,
1400,dynamax-crystal-uma5191,49,20,,
1401,dynamax-crystal-uma5054,49,20,,
1402,dynamax-crystal-uma4295,49,20,,
1403,dynamax-crystal-uma4660,49,20,,
1404,dynamax-crystal-uma4554,49,20,,
1405,dynamax-crystal-uma4069,49,20,,
1406,dynamax-crystal-uma3569,49,20,,
1407,dynamax-crystal-uma3323,49,20,,
1408,dynamax-crystal-uma4033,49,20,,
1409,dynamax-crystal-uma4377,49,20,,
1410,dynamax-crystal-uma4375,49,20,,
1411,dynamax-crystal-uma4518,49,20,,
1412,dynamax-crystal-uma3594,49,20,,
1413,dynamax-crystal-vir5056,49,20,,
1414,dynamax-crystal-vir4825,49,20,,
1415,dynamax-crystal-vir4932,49,20,,
1416,dynamax-crystal-vir4540,49,20,,
1417,dynamax-crystal-vir4689,49,20,,
1418,dynamax-crystal-vir5338,49,20,,
1419,dynamax-crystal-vir4910,49,20,,
1420,dynamax-crystal-vir5315,49,20,,
1421,dynamax-crystal-vir5359,49,20,,
1422,dynamax-crystal-vir5409,49,20,,
1423,dynamax-crystal-vir5107,49,20,,
1424,dynamax-crystal-ari617,49,20,,
1425,dynamax-crystal-ari553,49,20,,
1426,dynamax-crystal-ari546,49,20,,
1427,dynamax-crystal-ari951,49,20,,
1428,dynamax-crystal-ori1713,49,20,,
1429,dynamax-crystal-ori2061,49,20,,
1430,dynamax-crystal-ori1790,49,20,,
1431,dynamax-crystal-ori1903,49,20,,
1432,dynamax-crystal-ori1948,49,20,,
1433,dynamax-crystal-ori2004,49,20,,
1434,dynamax-crystal-ori1852,49,20,,
1435,dynamax-crystal-ori1879,49,20,,
1436,dynamax-crystal-ori1899,49,20,,
1437,dynamax-crystal-ori1543,49,20,,
1438,dynamax-crystal-cas21,49,20,,
1439,dynamax-crystal-cas168,49,20,,
1440,dynamax-crystal-cas403,49,20,,
1441,dynamax-crystal-cas153,49,20,,
1442,dynamax-crystal-cas542,49,20,,
1443,dynamax-crystal-cas219,49,20,,
1444,dynamax-crystal-cas265,49,20,,
1445,dynamax-crystal-cnc3572,49,20,,
1446,dynamax-crystal-cnc3208,49,20,,
1447,dynamax-crystal-cnc3461,49,20,,
1448,dynamax-crystal-cnc3449,49,20,,
1449,dynamax-crystal-cnc3429,49,20,,
1450,dynamax-crystal-cnc3627,49,20,,
1451,dynamax-crystal-cnc3268,49,20,,
1452,dynamax-crystal-cnc3249,49,20,,
1453,dynamax-crystal-com4968,49,20,,
1454,dynamax-crystal-crv4757,49,20,,
1455,dynamax-crystal-crv4623,49,20,,
1456,dynamax-crystal-crv4662,49,20,,
1457,dynamax-crystal-crv4786,49,20,,
1458,dynamax-crystal-aur1708,49,20,,
1459,dynamax-crystal-aur2088,49,20,,
1460,dynamax-crystal-aur1605,49,20,,
1461,dynamax-crystal-aur2095,49,20,,
1462,dynamax-crystal-aur1577,49,20,,
1463,dynamax-crystal-aur1641,49,20,,
1464,dynamax-crystal-aur1612,49,20,,
1465,dynamax-crystal-pav7790,49,20,,
1466,dynamax-crystal-cet911,49,20,,
1467,dynamax-crystal-cet681,49,20,,
1468,dynamax-crystal-cet188,49,20,,
1469,dynamax-crystal-cet539,49,20,,
1470,dynamax-crystal-cet804,49,20,,
1471,dynamax-crystal-cep8974,49,20,,
1472,dynamax-crystal-cep8162,49,20,,
1473,dynamax-crystal-cep8238,49,20,,
1474,dynamax-crystal-cep8417,49,20,,
1475,dynamax-crystal-cen5267,49,20,,
1476,dynamax-crystal-cen5288,49,20,,
1477,dynamax-crystal-cen551,49,20,,
1478,dynamax-crystal-cen5459,49,20,,
1479,dynamax-crystal-cen5460,49,20,,
1480,dynamax-crystal-cmi2943,49,20,,
1481,dynamax-crystal-cmi2845,49,20,,
1482,dynamax-crystal-equ8131,49,20,,
1483,dynamax-crystal-vul7405,49,20,,
1484,dynamax-crystal-umi424,49,20,,
1485,dynamax-crystal-umi5563,49,20,,
1486,dynamax-crystal-umi5735,49,20,,
1487,dynamax-crystal-umi6789,49,20,,
1488,dynamax-crystal-crt4287,49,20,,
1489,dynamax-crystal-lyr7001,49,20,,
1490,dynamax-crystal-lyr7178,49,20,,
1491,dynamax-crystal-lyr7106,49,20,,
1492,dynamax-crystal-lyr7298,49,20,,
1493,dynamax-crystal-ara6585,49,20,,
1494,dynamax-crystal-sco6134,49,20,,
1495,dynamax-crystal-sco6527,49,20,,
1496,dynamax-crystal-sco6553,49,20,,
1497,dynamax-crystal-sco5953,49,20,,
1498,dynamax-crystal-sco5984,49,20,,
1499,dynamax-crystal-sco6508,49,20,,
1500,dynamax-crystal-sco6084,49,20,,
1501,dynamax-crystal-sco5944,49,20,,
1502,dynamax-crystal-sco6630,49,20,,
1503,dynamax-crystal-sco6027,49,20,,
1504,dynamax-crystal-sco6247,49,20,,
1505,dynamax-crystal-sco6252,49,20,,
1506,dynamax-crystal-sco5928,49,20,,
1507,dynamax-crystal-sco6241,49,20,,
1508,dynamax-crystal-sco6165,49,20,,
1509,dynamax-crystal-tri544,49,20,,
1510,dynamax-crystal-leo3982,49,20,,
1511,dynamax-crystal-leo4534,49,20,,
1512,dynamax-crystal-leo4357,49,20,,
1513,dynamax-crystal-leo4057,49,20,,
1514,dynamax-crystal-leo4359,49,20,,
1515,dynamax-crystal-leo4031,49,20,,
1516,dynamax-crystal-leo3852,49,20,,
1517,dynamax-crystal-leo3905,49,20,,
1518,dynamax-crystal-leo3773,49,20,,
1519,dynamax-crystal-gru8425,49,20,,
1520,dynamax-crystal-gru8636,49,20,,
1521,dynamax-crystal-gru8353,49,20,,
1522,dynamax-crystal-lib5685,49,20,,
1523,dynamax-crystal-lib5531,49,20,,
1524,dynamax-crystal-lib5787,49,20,,
1525,dynamax-crystal-lib5603,49,20,,
1526,dynamax-crystal-pup3165,49,20,,
1527,dynamax-crystal-pup3185,49,20,,
1528,dynamax-crystal-pup3045,49,20,,
1529,dynamax-crystal-cyg7924,49,20,,
1530,dynamax-crystal-cyg7417,49,20,,
1531,dynamax-crystal-cyg7796,49,20,,
1532,dynamax-crystal-cyg8301,49,20,,
1533,dynamax-crystal-cyg7949,49,20,,
1534,dynamax-crystal-cyg7528,49,20,,
1535,dynamax-crystal-oct7228,49,20,,
1536,dynamax-crystal-col1956,49,20,,
1537,dynamax-crystal-col2040,49,20,,
1538,dynamax-crystal-col2177,49,20,,
1539,dynamax-crystal-gem2990,49,20,,
1540,dynamax-crystal-gem2891,49,20,,
1541,dynamax-crystal-gem2421,49,20,,
1542,dynamax-crystal-gem2473,49,20,,
1543,dynamax-crystal-gem2216,49,20,,
1544,dynamax-crystal-gem2777,49,20,,
1545,dynamax-crystal-gem2650,49,20,,
1546,dynamax-crystal-gem2286,49,20,,
1547,dynamax-crystal-gem2484,49,20,,
1548,dynamax-crystal-gem2930,49,20,,
1549,dynamax-crystal-peg8775,49,20,,
1550,dynamax-crystal-peg8781,49,20,,
1551,dynamax-crystal-peg39,49,20,,
1552,dynamax-crystal-peg8308,49,20,,
1553,dynamax-crystal-peg8650,49,20,,
1554,dynamax-crystal-peg8634,49,20,,
1555,dynamax-crystal-peg8684,49,20,,
1556,dynamax-crystal-peg8450,49,20,,
1557,dynamax-crystal-peg8880,49,20,,
1558,dynamax-crystal-peg8905,49,20,,
1559,dynamax-crystal-oph6556,49,20,,
1560,dynamax-crystal-oph6378,49,20,,
1561,dynamax-crystal-oph6603,49,20,,
1562,dynamax-crystal-oph6149,49,20,,
1563,dynamax-crystal-oph6056,49,20,,
1564,dynamax-crystal-oph6075,49,20,,
1565,dynamax-crystal-ser5854,49,20,,
1566,dynamax-crystal-ser7141,49,20,,
1567,dynamax-crystal-ser5879,49,20,,
1568,dynamax-crystal-her6406,49,20,,
1569,dynamax-crystal-her6148,49,20,,
1570,dynamax-crystal-her6410,49,20,,
1571,dynamax-crystal-her6526,49,20,,
1572,dynamax-crystal-her6117,49,20,,
1573,dynamax-crystal-her6008,49,20,,
1574,dynamax-crystal-per936,49,20,,
1575,dynamax-crystal-per1017,49,20,,
1576,dynamax-crystal-per1131,49,20,,
1577,dynamax-crystal-per1228,49,20,,
1578,dynamax-crystal-per834,49,20,,
1579,dynamax-crystal-per941,49,20,,
1580,dynamax-crystal-phe99,49,20,,
1581,dynamax-crystal-phe338,49,20,,
1582,dynamax-crystal-vel3634,49,20,,
1583,dynamax-crystal-vel3485,49,20,,
1584,dynamax-crystal-vel3734,49,20,,
1585,dynamax-crystal-aqr8232,49,20,,
1586,dynamax-crystal-aqr8414,49,20,,
1587,dynamax-crystal-aqr8709,49,20,,
1588,dynamax-crystal-aqr8518,49,20,,
1589,dynamax-crystal-aqr7950,49,20,,
1590,dynamax-crystal-aqr8499,49,20,,
1591,dynamax-crystal-aqr8610,49,20,,
1592,dynamax-crystal-aqr8264,49,20,,
1593,dynamax-crystal-cru4853,49,20,,
1594,dynamax-crystal-cru4730,49,20,,
1595,dynamax-crystal-cru4763,49,20,,
1596,dynamax-crystal-cru4700,49,20,,
1597,dynamax-crystal-cru4656,49,20,,
1598,dynamax-crystal-psa8728,49,20,,
1599,dynamax-crystal-tra6217,49,20,,
1600,dynamax-crystal-cap7776,49,20,,
1601,dynamax-crystal-cap7754,49,20,,
1602,dynamax-crystal-cap8278,49,20,,
1603,dynamax-crystal-cap8322,49,20,,
1604,dynamax-crystal-cap7773,49,20,,
1605,dynamax-crystal-sge7479,49,20,,
1606,dynamax-crystal-car2326,49,20,,
1607,dynamax-crystal-car3685,49,20,,
1608,dynamax-crystal-car3307,49,20,,
1609,dynamax-crystal-car3699,49,20,,
1610,dynamax-crystal-dra5744,49,20,,
1611,dynamax-crystal-dra5291,49,20,,
1612,dynamax-crystal-dra6705,49,20,,
1613,dynamax-crystal-dra6536,49,20,,
1614,dynamax-crystal-dra7310,49,20,,
1615,dynamax-crystal-dra6688,49,20,,
1616,dynamax-crystal-dra4434,49,20,,
1617,dynamax-crystal-dra6370,49,20,,
1618,dynamax-crystal-dra7462,49,20,,
1619,dynamax-crystal-dra6396,49,20,,
1620,dynamax-crystal-dra6132,49,20,,
1621,dynamax-crystal-dra6636,49,20,,
1622,dynamax-crystal-cvn4915,49,20,,
1623,dynamax-crystal-cvn4785,49,20,,
1624,dynamax-crystal-cvn4846,49,20,,
1625,dynamax-crystal-aql7595,49,20,,
1626,dynamax-crystal-aql7557,49,20,,
1627,dynamax-crystal-aql7525,49,20,,
1628,dynamax-crystal-aql7602,49,20,,
1629,dynamax-crystal-aql7235,49,20,,
1630,max-honey,29,4000,30,
1631,max-mushrooms,1,6000,30,
1632,galarica-twig,9,20,30,
1633,galarica-cuff,9,3000,30,
1634,style-card,21,0,,
1635,armor-pass,22,0,,
1636,rotom-bike--sparkling-white,23,0,,
1637,rotom-bike--glistening-black,23,0,,
1638,exp-charm,21,0,,
1639,armorite-ore,9,20,30,
1640,mark-charm,21,0,,
1641,reins-of-unity--merge,23,0,,
1642,reins-of-unity--split,23,0,,
1643,galarica-wreath,9,3000,30,
1644,legendary-clue-1,22,0,,
1645,legendary-clue-2,22,0,,
1646,legendary-clue-3,22,0,,
1647,legendary-clue-question,22,0,,
1648,crown-pass,22,0,,
1649,wooden-crown,22,0,,
1650,radiant-petal,22,0,,
1651,white-mane-hair,22,0,,
1652,black-mane-hair,22,0,,
1653,iceroot-carrot,22,0,,
1654,shaderoot-carrot,22,0,,
1655,dynite-ore,9,20,30,
1656,carrot-seeds,22,20,,
1657,ability-patch,26,20,,
1658,reins-of-unity,22,0,,
10001,black-augurite,10,0,,
10002,peat-block,10,0,,
